episode,step,episode_return,epsilon,loss,assign_actions,charge_actions,noop_actions,charge_open_steps,train_updates
0,51,-223.56599999999997,0.99878875,,41,8,2,45,0
1,120,-30.22899999999997,0.99715,,45,11,13,63,0
2,206,-170.1790000000001,0.9951075,,55,14,17,79,0
3,277,-186.439,0.99342125,,43,15,13,63,0
4,327,-398.08899999999994,0.99223375,,40,6,4,45,0
5,408,-183.5,0.99031,,48,23,10,70,0
6,459,-116.035,0.98909875,,41,7,3,46,0
7,513,-521.795,0.98781625,,44,7,3,51,0
8,571,-124.70600000000007,0.98643875,,43,7,8,55,0
9,646,-261.05000000000007,0.9846575,,46,17,12,69,0
10,732,31.768999999999934,0.982615,,51,20,15,77,0
11,779,-134.71099999999996,0.98149875,,37,7,3,44,0
12,833,-165.796,0.98021625,,41,7,6,49,0
13,906,-235.2729999999999,0.9784825,,49,11,13,64,0
14,964,-85.29,0.977105,,41,9,8,53,0
15,1033,34.51399999999987,0.97546625,1.2376136779785156,44,17,8,62,9
16,1136,-113.2780000000001,0.97302,0.8914417624473572,52,37,14,92,35
17,1228,-320.16200000000003,0.970835,0.9107170104980469,56,21,15,77,58
18,1301,-482.88800000000015,0.96910125,1.0036718845367432,45,12,16,67,76
19,1388,-685.346,0.967035,1.6123721599578857,57,18,12,75,98
20,1463,-117.58400000000007,0.96525375,1.100582480430603,49,19,7,66,116
21,1527,-172.933,0.9637337500000001,1.4461617469787598,44,12,8,59,132
22,1607,-839.5870000000001,0.96183375,0.8577297925949097,52,19,9,72,152
23,1676,-170.36400000000003,0.960195,0.7703747749328613,46,13,10,66,170
24,1773,-125.74800000000008,0.95789125,1.688169240951538,54,21,22,85,194
25,1838,-296.37399999999997,0.9563475,1.08908212184906,43,17,5,60,210
26,1891,-299.829,0.95508875,1.2144954204559326,37,12,4,49,223
27,1972,-192.75799999999998,0.953165,1.2753453254699707,52,18,11,73,244
28,2033,-743.7920000000001,0.95171625,1.041472315788269,49,8,4,56,259
29,2124,121.07699999999991,0.949555,1.0272905826568604,53,17,21,79,282
30,2216,-31.736999999999938,0.94737,0.7756112813949585,62,16,14,81,305
31,2279,-446.635,0.94587375,1.2857069969177246,41,12,10,55,320
32,2353,-119.01799999999992,0.94411625,0.9493494033813477,46,16,12,65,339
33,2490,38.16300000000007,0.9408625,0.8825873136520386,77,36,24,114,373
34,2591,-207.70700000000005,0.93846375,0.8177959322929382,54,28,19,89,398
35,2680,65.20099999999984,0.93635,0.6531506776809692,56,18,15,80,421
36,2751,-92.68999999999998,0.93466375,0.8268547058105469,42,16,13,61,438
37,2839,-17.625,0.93257375,0.7809169888496399,60,22,6,77,460
38,2897,-151.84600000000015,0.93119625,0.838338315486908,41,11,6,53,475
39,2997,-726.3390000000002,0.92882125,0.8180655837059021,61,21,18,91,500
40,3062,-166.91699999999992,0.9272775,1.0259289741516113,46,10,9,58,516
41,3131,-12.869000000000142,0.9256387500000001,1.0074859857559204,51,14,4,62,533
42,3190,-310.13100000000003,0.9242375,1.3959381580352783,38,13,8,58,548
43,3258,-186.8189999999999,0.9226225,1.105805516242981,39,15,14,61,565
44,3343,55.79100000000019,0.92060375,0.90803462266922,55,12,18,80,586
45,3427,-99.63000000000005,0.91860875,0.8392877578735352,53,22,9,75,607
46,3519,-161.32500000000005,0.91642375,1.0197809934616089,54,23,15,80,630
47,3601,60.17699999999998,0.91447625,0.676749050617218,52,16,14,75,651
48,3688,-234.48000000000008,0.9124099999999999,0.6429558396339417,56,16,15,78,673
49,3769,-258.139,0.9104862499999999,1.3854632377624512,48,14,19,75,693
50,3826,-115.65599999999998,0.9091325,0.8258405923843384,41,9,7,50,707
51,3927,-217.744,0.90673375,0.9298907518386841,63,22,16,89,732
52,4024,-395.5339999999998,0.9044300000000001,0.8615033030509949,59,19,19,86,757
53,4115,76.40300000000002,0.90226875,0.7061690092086792,53,19,19,83,779
54,4205,-710.7570000000001,0.90013125,1.1142094135284424,53,19,18,78,802
55,4281,-163.35500000000008,0.89832625,0.9864570498466492,51,14,11,68,821
56,4376,34.48600000000004,0.89607,0.6755045652389526,54,25,16,82,845
57,4470,-703.815,0.8938375000000001,0.7101139426231384,58,23,13,82,868
58,4534,-199.76700000000002,0.8923175,0.8176447153091431,51,8,5,59,884
59,4583,-159.83300000000006,0.89115375,1.1399188041687012,38,5,6,48,896
60,4646,-603.847,0.8896575,0.5717625617980957,45,10,8,57,912
61,4693,-262.736,0.8885412500000001,0.8083639144897461,37,5,5,44,924
62,4766,-1.4340000000000757,0.8868075,0.7042378783226013,50,12,11,65,942
63,4836,-36.30900000000008,0.8851450000000001,0.8371238708496094,44,13,13,63,960
64,4912,-131.55699999999973,0.88334,0.8145355582237244,54,14,8,68,979
65,4983,-389.90999999999997,0.88165375,1.1460654735565186,50,12,9,65,996
66,5062,-347.4490000000001,0.8797775,0.8770824670791626,47,13,19,72,1016
67,5118,-197.37199999999999,0.8784475,0.6843249201774597,41,12,3,52,1030
68,5188,-475.86599999999993,0.876785,0.9590432047843933,49,9,12,66,1048
69,5248,-266.671,0.87536,1.0611870288848877,42,12,6,56,1063
70,5308,-240.87899999999996,0.873935,0.9278709292411804,42,11,7,57,1078
71,5367,-125.8080000000001,0.87253375,0.9787678718566895,44,8,7,53,1092
72,5425,-218.69900000000007,0.8711562500000001,1.2844202518463135,44,7,7,54,1107
73,5491,-203.70100000000008,0.86958875,0.9172545671463013,46,11,9,58,1123
74,5569,-12.009999999999934,0.86773625,0.9028840065002441,49,14,15,72,1143
75,5641,-312.042,0.86602625,0.49547192454338074,42,16,14,65,1161
76,5723,0.16600000000013893,0.86407875,0.9809473156929016,55,12,15,75,1181
77,5775,-347.05500000000006,0.86284375,0.5549163818359375,41,6,5,46,1194
78,5841,-266.555,0.86127625,1.3995251655578613,48,11,7,60,1211
79,5914,-341.65500000000003,0.8595425,1.2124741077423096,51,10,12,66,1229
80,6008,-564.892,0.85731,1.3517314195632935,65,18,11,83,1253
81,6081,27.153000000000105,0.85557625,0.9168761968612671,46,19,8,67,1271
82,6135,-196.44600000000008,0.85429375,0.8381488919258118,41,4,9,50,1284
83,6205,-409.359,0.85263125,0.9538025856018066,51,14,5,61,1302
84,6259,-441.38899999999995,0.85134875,0.6410317420959473,42,6,6,50,1315
85,6315,-160.626,0.85001875,1.1182324886322021,47,8,1,52,1329
86,6369,-748.596,0.84873625,0.649818480014801,38,11,5,48,1343
87,6455,1.2190000000000722,0.84669375,0.828725278377533,52,21,13,78,1364
88,6517,-84.49800000000002,0.84522125,1.1153180599212646,46,11,5,59,1380
89,6573,-346.04499999999996,0.84389125,0.5318428874015808,44,9,3,50,1394
90,6644,-327.4420000000001,0.842205,1.0788987874984741,51,9,11,66,1412
91,6706,-197.01799999999997,0.8407325,0.686393141746521,46,9,7,58,1427
92,6758,-316.5559999999999,0.8394975,1.3583297729492188,38,6,8,49,1440
93,6828,-131.89600000000002,0.837835,0.8674625158309937,44,15,11,64,1458
94,6878,-249.256,0.8366475,1.1802246570587158,36,4,10,46,1470
95,6946,-122.24999999999997,0.8350325000000001,0.7874208688735962,42,16,10,63,1487
96,7012,-491.922,0.833465,0.8679157495498657,47,13,6,59,1504
97,7068,-298.51099999999997,0.8321350000000001,0.7854903936386108,45,7,4,53,1518
98,7130,-220.76000000000005,0.8306625000000001,1.0229403972625732,43,14,5,55,1533
99,7198,-413.481,0.8290475,0.7303063869476318,47,14,7,60,1550
100,7265,-266.763,0.82745625,0.6847835779190063,47,14,6,60,1567
101,7327,-226.072,0.82598375,1.2171080112457275,43,12,7,55,1582
102,7395,-546.638,0.82436875,0.9087904691696167,50,10,8,58,1599
103,7461,-352.881,0.82280125,0.5495933890342712,39,13,14,61,1616
104,7528,-189.52499999999995,0.82121,0.9737414121627808,51,8,8,61,1633
105,7601,-648.9019999999998,0.81947625,1.051072120666504,54,10,9,65,1651
106,7667,-78.83300000000006,0.81790875,1.1759793758392334,50,11,5,60,1667
107,7720,-91.76300000000009,0.81665,0.8059536218643188,38,13,2,48,1681
108,7779,-19.81499999999994,0.81524875,0.9717443585395813,43,8,8,56,1695
109,7865,-696.923,0.81320625,0.8218055963516235,61,13,12,78,1717
110,7924,-168.09500000000003,0.811805,0.5641535520553589,44,9,6,54,1732
111,7991,87.61999999999999,0.81021375,0.8624264597892761,51,11,5,61,1748
112,8080,-453.815,0.8081,1.206496000289917,63,16,10,76,1771
113,8151,-309.84700000000004,0.8064137499999999,1.210114598274231,48,15,8,67,1788
114,8205,-461.82699999999994,0.8051312500000001,0.8373316526412964,37,8,9,51,1802
115,8279,-82.09599999999996,0.80337375,1.0260164737701416,50,13,11,67,1820
116,8332,-377.401,0.802115,1.727290153503418,39,10,4,50,1834
117,8404,-87.89799999999988,0.800405,0.7492813467979431,46,18,8,62,1852
118,8470,-175.28099999999998,0.7988375,0.6784610152244568,48,14,4,58,1868
119,8531,-46.76099999999997,0.79738875,0.8810812830924988,43,10,8,58,1883
120,8623,-52.681999999999995,0.79520375,0.7402512431144714,58,17,17,83,1906
121,8669,-414.38599999999997,0.79411125,1.3761119842529297,38,4,4,42,1918
122,8721,-294.83000000000004,0.79287625,0.9594228267669678,35,8,9,48,1931
123,8781,-207.16400000000004,0.79145125,0.7055429220199585,41,12,7,57,1946
124,8858,-238.27099999999996,0.7896225,0.9376795887947083,48,16,13,67,1965
125,8911,-632.6220000000001,0.78836375,0.5125167369842529,38,12,3,46,1978
126,8956,-229.36500000000007,0.7872950000000001,1.0632885694503784,36,6,3,42,1990
127,9024,-247.05500000000006,0.78568,0.9697429537773132,48,16,4,61,2007
128,9085,-184.46900000000002,0.78423125,0.7419425845146179,39,9,13,56,2022
129,9154,-20.841000000000037,0.7825925,0.6802218556404114,50,9,10,64,2039
130,9224,-137.73000000000008,0.78093,1.054846167564392,43,14,13,62,2057
131,9280,-148.09900000000005,0.7796,1.0060503482818604,41,9,6,50,2071
132,9349,-408.226,0.77796125,1.3891576528549194,46,9,14,65,2088
133,9419,-311.987,0.77629875,1.0279874801635742,47,10,13,62,2105
134,9471,-377.023,0.7750637499999999,1.0047268867492676,40,8,4,48,2118
135,9533,-315.96500000000003,0.77359125,0.8044583201408386,42,12,8,57,2134
136,9622,246.30499999999995,0.7714775,1.1296896934509277,55,21,13,76,2156
137,9690,14.148999999999916,0.7698625,0.9646535515785217,42,16,10,61,2173
138,9778,182.45300000000015,0.7677725,0.6279956698417664,52,19,17,80,2195
139,9837,-180.76000000000005,0.76637125,0.8732261061668396,45,9,5,55,2210
140,9890,-406.50100000000003,0.7651125,1.0803333520889282,43,7,3,48,2223
141,9966,-19.704000000000093,0.7633075,0.5963472127914429,51,21,4,67,2242
142,10041,-482.95200000000006,0.76152625,0.966855525970459,51,13,11,69,2261
143,10115,-228.52100000000004,0.75976875,1.150295376777649,48,14,12,63,2279
144,10184,-408.5780000000001,0.75813,1.0244125127792358,48,13,8,63,2297
145,10265,-548.6400000000001,0.75620625,1.6771128177642822,56,17,8,70,2317
146,10341,-557.326,0.75440125,0.7967178821563721,45,18,13,69,2336
147,10405,-65.31300000000002,0.7528812500000001,0.9095736742019653,40,13,11,57,2352
148,10462,-250.52100000000024,0.7515275,1.2145941257476807,45,7,5,53,2366
149,10554,45.045000000000016,0.7493425,1.230969786643982,62,19,11,82,2389
150,10604,-286.40900000000005,0.748155,0.6987513303756714,40,3,7,49,2402
151,10685,-751.1099999999999,0.74623125,0.876559853553772,54,13,14,70,2422
152,10768,-457.6890000000002,0.74426,1.3421530723571777,57,17,9,75,2443
153,10817,-150.54899999999992,0.74309625,1.380171298980713,39,3,7,48,2455
154,10879,-123.33599999999998,0.74162375,0.6639180779457092,48,8,6,56,2470
155,10946,-243.34500000000008,0.7400325,0.898264467716217,45,8,14,60,2487
156,11017,-460.12200000000007,0.73834625,1.4649145603179932,45,11,15,65,2505
157,11053,-109.73599999999993,0.73749125,1.4452168941497803,34,0,2,36,2514
158,11117,28.24399999999997,0.73597125,1.0568668842315674,46,9,9,59,2530
159,11203,3.4440000000000026,0.73392875,0.7491808533668518,56,16,14,76,2551
160,11257,-139.76800000000003,0.73264625,0.6245442032814026,40,7,7,51,2565
161,11314,-166.431,0.7312925,0.7966061234474182,44,8,5,52,2579
162,11389,-228.4500000000001,0.72951125,0.9700503349304199,51,16,8,65,2598
163,11463,-86.73900000000017,0.72775375,0.9736634492874146,46,13,15,68,2616
164,11522,-45.74199999999996,0.7263525,0.8798004388809204,42,7,10,55,2631
165,11582,-275.7349999999999,0.7249275000000001,1.5390701293945312,43,10,7,56,2646
166,11636,-154.96100000000004,0.7236450000000001,0.9662578105926514,40,5,9,53,2660
167,11709,-342.20500000000015,0.72191125,0.835534393787384,49,13,11,66,2678
168,11788,92.99799999999996,0.720035,1.0777815580368042,54,12,13,72,2698
169,11851,-182.19200000000012,0.71853875,0.6329066753387451,44,15,4,56,2713
170,11915,-116.42099999999992,0.71701875,1.1251863241195679,47,9,8,57,2729
171,11968,-257.332,0.71576,1.0840810537338257,40,8,5,52,2743
172,12039,-213.69399999999996,0.7140737500000001,0.7954285144805908,46,11,14,64,2760
173,12099,-189.85000000000008,0.71264875,1.3204692602157593,42,7,11,56,2775
174,12158,-227.60500000000002,0.7112475,1.1577433347702026,41,11,7,52,2790
175,12208,-211.293,0.7100599999999999,0.9199032187461853,38,7,5,47,2803
176,12252,-93.75700000000006,0.709015,0.8810040950775146,35,5,4,42,2814
177,12334,-284.0520000000001,0.7070675,1.105184555053711,55,14,13,77,2834
178,12396,-213.05200000000005,0.705595,0.8176661133766174,46,10,6,58,2850
179,12449,-431.916,0.7043362500000001,0.5323981642723083,43,7,3,50,2863
180,12500,-319.3419999999999,0.703125,1.4390230178833008,41,5,5,47,2876
181,12563,-316.964,0.70162875,0.6821802854537964,47,7,9,56,2891
182,12630,-352.41100000000006,0.7000375000000001,0.7277540564537048,44,13,10,58,2908
183,12690,-169.60199999999998,0.6986125000000001,1.0219731330871582,37,15,8,55,2923
184,12761,-313.0930000000001,0.69692625,0.9207268953323364,47,14,10,70,2941
185,12831,-130.97699999999998,0.6952637500000001,0.9918780326843262,45,7,18,67,2958
186,12892,25.042,0.6938150000000001,1.3074454069137573,43,12,6,60,2974
187,12949,-100.94600000000005,0.69246125,1.0692952871322632,42,9,6,55,2988
188,13023,-633.3970000000002,0.69070375,0.7736619710922241,46,13,15,68,3006
189,13088,-3.9579999999997852,0.68916,0.6647201776504517,50,11,4,59,3023
190,13156,-76.90100000000004,0.6875450000000001,0.8240340948104858,48,11,9,63,3040
191,13206,-115.68900000000002,0.6863575,0.7519752383232117,43,6,1,46,3052
192,13258,-184.88500000000002,0.6851225,0.5699194073677063,42,6,4,49,3065
193,13313,-174.77299999999997,0.68381625,0.822830319404602,38,6,11,50,3079
194,13430,-348.24399999999997,0.6810375,1.3277498483657837,72,22,23,105,3108
195,13488,-421.0710000000001,0.67966,0.9648960828781128,43,8,7,53,3123
196,13562,-207.80100000000002,0.6779025000000001,0.7912928462028503,50,12,12,66,3141
197,13611,-341.326,0.67673875,1.065129280090332,40,4,5,46,3153
198,13677,-151.326,0.67517125,0.652574360370636,46,10,10,62,3170
199,13735,-219.89600000000007,0.67379375,0.9440608024597168,38,7,13,54,3184
200,13785,-261.00899999999996,0.6726062500000001,1.0137397050857544,38,3,9,47,3197
201,13857,-514.697,0.67089625,1.0204555988311768,45,16,11,65,3215
202,13919,-125.5999999999999,0.66942375,0.5843141674995422,41,8,13,59,3230
203,13974,-309.072,0.6681175,0.8808095455169678,40,8,7,51,3244
204,14044,-388.31100000000015,0.666455,1.0652104616165161,47,10,13,65,3262
205,14097,-109.69899999999998,0.66519625,1.1235589981079102,40,6,7,51,3275
206,14181,-208.7990000000001,0.66320125,0.9231201410293579,55,13,16,75,3296
207,14244,-1069.0200000000002,0.661705,1.1793104410171509,46,5,12,60,3312
208,14292,-24.204000000000008,0.6605650000000001,0.5668772459030151,41,3,4,45,3324
209,14361,-677.1200000000001,0.65892625,1.3785752058029175,52,10,7,65,3341
210,14413,-59.95500000000005,0.6576912500000001,1.0791813135147095,40,7,5,49,3354
211,14465,-78.09400000000007,0.65645625,1.3615434169769287,37,10,5,48,3367
212,14524,-190.086,0.655055,0.7677534222602844,38,12,9,55,3382
213,14582,-34.96199999999999,0.6536775,0.8170174360275269,42,11,5,55,3396
214,14648,-230.5430000000001,0.65211,0.9862260222434998,43,9,14,62,3413
215,14719,-12.31100000000012,0.6504237500000001,0.7099440693855286,51,10,10,67,3430
216,14778,-440.41200000000003,0.6490225000000001,1.1734641790390015,41,6,12,55,3445
217,14823,-22.52500000000002,0.6479537500000001,0.8436013460159302,38,7,0,42,3456
218,14908,-214.10400000000013,0.645935,0.7068760395050049,53,14,18,78,3478
219,14964,14.972000000000037,0.6446050000000001,1.0578322410583496,40,11,5,54,3492
220,15013,-285.40000000000003,0.64344125,1.6520339250564575,36,6,7,45,3504
221,15064,11.406000000000034,0.6422300000000001,1.1405506134033203,38,6,7,48,3517
222,15112,-307.32000000000005,0.6410899999999999,1.0621720552444458,39,8,1,45,3529
223,15178,-418.7740000000001,0.6395225,0.7151580452919006,46,7,13,60,3545
224,15255,-549.21,0.63769375,1.3400506973266602,54,11,12,71,3564
225,15308,-347.254,0.6364350000000001,1.542249321937561,42,9,2,49,3578
226,15370,-572.8679999999999,0.6349625000000001,0.987229585647583,41,9,12,58,3593
227,15429,-134.739,0.6335612500000001,1.1079702377319336,47,8,4,52,3608
228,15501,-310.9050000000001,0.63185125,0.8457770347595215,46,9,17,67,3626
229,15551,-378.8349999999999,0.6306637500000001,1.2384518384933472,39,4,7,49,3638
230,15598,-393.394,0.6295474999999999,1.1324543952941895,37,3,7,45,3650
231,15674,-117.59900000000003,0.6277425000000001,1.0243405103683472,53,14,9,71,3669
232,15730,-606.941,0.6264125,0.508000373840332,44,6,6,52,3683
233,15811,-1045.7290000000003,0.62448875,0.6734603643417358,52,11,18,74,3703
234,15874,-101.60800000000012,0.6229925000000001,1.1759495735168457,42,6,15,59,3719
235,15924,-184.96100000000013,0.6218049999999999,0.9664437770843506,38,8,4,44,3732
236,15991,-211.974,0.62021375,1.0846279859542847,44,14,9,60,3748
237,16047,-138.74100000000004,0.61888375,1.3356399536132812,39,6,11,55,3762
238,16092,-337.439,0.617815,1.0377706289291382,37,3,5,42,3774
239,16151,-251.11700000000008,0.61641375,1.426437258720398,40,11,8,55,3788
240,16208,-439.68499999999995,0.6150599999999999,0.9202716946601868,41,5,11,54,3803
241,16276,-5.452000000000147,0.613445,1.3958065509796143,46,10,12,63,3820
242,16327,-469.9080000000001,0.61223375,0.7017403841018677,38,4,9,48,3832
243,16383,-364.524,0.6109037500000001,1.0360736846923828,38,7,11,53,3846
244,16433,-259.121,0.60971625,1.1064903736114502,38,5,7,48,3859
245,16497,69.15800000000007,0.60819625,0.8674067258834839,46,8,10,60,3875
246,16551,-419.744,0.60691375,0.8514321446418762,41,4,9,52,3888
247,16615,-171.48199999999994,0.60539375,0.8743550777435303,47,9,8,59,3904
248,16690,-895.0419999999999,0.6036125,0.6909130811691284,44,10,21,70,3923
249,16735,-48.39099999999999,0.60254375,0.889855146408081,34,5,6,45,3934
250,16797,-411.17999999999995,0.60107125,0.8777059316635132,46,6,10,59,3950
251,16862,-320.9519999999999,0.5995275,1.0671085119247437,51,7,7,61,3966
252,16911,-129.55200000000005,0.5983637500000001,0.6837937235832214,39,4,6,47,3978
253,16965,-121.72999999999999,0.59708125,0.7942478060722351,40,7,7,51,3992
254,17006,-38.94300000000001,0.5961075,1.2903255224227905,34,2,5,40,4002
255,17058,-227.26500000000004,0.5948725,1.0211430788040161,37,9,6,50,4015
256,17138,-86.89000000000001,0.5929725,0.9892296195030212,63,12,5,70,4035
257,17207,-319.3929999999999,0.59133375,1.089925765991211,51,10,8,63,4052
258,17257,-160.74400000000003,0.5901462500000001,1.0816842317581177,38,4,8,50,4065
259,17320,-70.04000000000002,0.58865,1.1081641912460327,44,8,11,58,4081
260,17373,-135.34600000000003,0.58739125,0.9073432683944702,35,6,12,52,4094
261,17437,-40.55099999999999,0.5858712500000001,0.7494022846221924,49,6,9,59,4110
262,17517,-693.314,0.58397125,1.3156242370605469,46,10,24,72,4130
263,17578,-456.89199999999994,0.5825225,0.929404079914093,40,10,11,56,4145
264,17627,-384.42699999999996,0.58135875,0.7414469122886658,38,6,5,46,4157
265,17684,-6.1020000000001176,0.5800050000000001,1.342590570449829,44,8,5,53,4172
266,17766,-53.83600000000007,0.5780575000000001,1.244267463684082,56,12,14,77,4192
267,17836,-384.7940000000001,0.576395,0.7180859446525574,52,10,8,67,4210
268,17907,-371.30800000000016,0.5747087500000001,1.4223295450210571,47,10,14,65,4227
269,17975,-229.83200000000002,0.57309375,1.181915283203125,45,9,14,64,4244
270,18035,-162.40900000000016,0.57166875,0.63934725522995,44,4,12,58,4259
271,18092,-230.0609999999999,0.570315,1.2617830038070679,44,7,6,56,4274
272,18157,-312.9800000000001,0.56877125,1.3941528797149658,47,10,8,57,4290
273,18214,58.63800000000002,0.5674175,0.9161930680274963,46,6,5,54,4304
274,18286,-49.705000000000055,0.5657075,1.0752848386764526,44,8,20,69,4322
275,18343,-200.28300000000004,0.56435375,0.9056437015533447,44,8,5,54,4336
276,18394,-76.62900000000002,0.5631425000000001,0.8481157422065735,41,5,5,47,4349
277,18447,-184.816,0.56188375,1.4676566123962402,39,7,7,50,4362
278,18503,-444.5970000000001,0.56055375,0.937955379486084,42,4,10,53,4376
279,18575,-596.8280000000002,0.5588437500000001,0.8951830267906189,47,5,20,69,4394
280,18624,-250.79900000000004,0.55768,0.9021785855293274,41,2,6,47,4407
281,18701,-32.718999999999966,0.55585125,1.327106237411499,51,14,12,65,4426
282,18766,-409.94499999999994,0.5543075,1.4361779689788818,48,9,8,61,4442
283,18831,-381.811,0.55276375,1.2408905029296875,43,5,17,60,4458
284,18868,-303.57500000000005,0.551885,1.65129816532135,36,1,0,37,4468
285,18916,-234.978,0.550745,1.3926502466201782,38,3,7,47,4480
286,18991,-529.7299999999998,0.54896375,0.8909180760383606,48,7,20,70,4498
287,19034,-25.184999999999967,0.5479425,1.088403582572937,37,2,4,42,4509
288,19085,-382.33799999999997,0.54673125,1.0587668418884277,42,7,2,48,4522
289,19150,-153.925,0.5451874999999999,0.6670822501182556,45,9,11,60,4538
290,19193,-397.29900000000004,0.54416625,0.9473790526390076,37,5,1,39,4549
291,19241,-315.8189999999999,0.54302625,0.5674118399620056,36,6,6,46,4561
292,19299,-437.217,0.54164875,0.8681315779685974,45,7,6,54,4575
293,19342,-3.090000000000117,0.5406275,0.9550096392631531,35,2,6,42,4586
294,19402,-521.3200000000002,0.5392025,0.8553983569145203,44,7,9,57,4601
295,19457,-154.21000000000006,0.53789625,0.8288393616676331,37,5,13,54,4615
296,19513,-540.9850000000001,0.53656625,1.120688796043396,43,5,8,54,4629
297,19583,-264.64399999999995,0.53490375,1.1993833780288696,51,14,5,63,4646
298,19633,-435.70399999999995,0.53371625,1.4618151187896729,41,4,5,48,4659
299,19693,-395.18800000000005,0.53229125,1.2388135194778442,47,4,9,56,4674
300,19738,-78.81199999999995,0.5312225,1.3958725929260254,33,2,10,45,4685
301,19790,-86.97800000000001,0.5299875000000001,1.0409858226776123,42,7,3,51,4698
302,19837,-109.33300000000011,0.52887125,1.5645084381103516,36,7,4,44,4710
303,19901,-177.65400000000002,0.52735125,1.4153571128845215,46,11,7,59,4726
304,19956,-327.88699999999994,0.526045,0.8996914029121399,40,6,9,53,4740
305,20006,-279.892,0.5248575,1.1867605447769165,37,4,9,46,4752
306,20078,-88.56199999999986,0.5231475000000001,1.421432614326477,48,13,11,66,4770
307,20176,-938.5079999999995,0.5208200000000001,0.9896102547645569,56,14,28,89,4795
308,20223,-294.8900000000001,0.51970375,1.8756771087646484,37,5,5,45,4806
309,20299,68.91300000000004,0.5178987500000001,1.0507898330688477,51,8,17,70,4825
310,20359,-26.160999999999994,0.5164737500000001,0.930222749710083,40,13,7,56,4840
311,20427,-270.032,0.51485875,1.2741693258285522,45,8,15,65,4857
312,20500,-447.723,0.513125,0.8569085001945496,48,10,15,68,4876
313,20555,-534.7350000000002,0.51181875,1.3160548210144043,38,2,15,54,4889
314,20610,-337.14300000000014,0.5105125,0.9939906001091003,39,4,12,51,4903
315,20659,-121.832,0.50934875,0.79219651222229,40,6,3,46,4915
316,20731,-56.081999999999994,0.5076387499999999,0.8751534223556519,47,14,11,67,4933
317,20796,-69.58300000000013,0.506095,1.003431797027588,48,5,12,60,4950
318,20843,-289.268,0.50497875,1.5019043684005737,36,5,6,44,4961
319,20907,-205.465,0.5034587500000001,1.5512686967849731,42,6,16,62,4977
320,20988,-792.982,0.501535,1.1783835887908936,57,10,14,74,4998
321,21035,-139.36700000000002,0.50041875,0.9408713579177856,38,6,3,43,5009
322,21096,-410.2390000000001,0.49897,1.011663556098938,46,6,9,57,5025
323,21151,-398.867,0.49766375000000007,1.143263339996338,37,5,13,52,5038
324,21206,-138.11,0.4963575,1.5117532014846802,40,5,10,50,5052
325,21254,-191.62800000000001,0.4952175000000001,1.1820303201675415,39,6,3,44,5064
326,21312,-211.56900000000002,0.49383999999999995,1.0347480773925781,44,8,6,54,5079
327,21365,-188.5860000000001,0.4925812500000001,1.0032410621643066,39,6,8,49,5092
328,21432,107.86500000000012,0.4909899999999999,1.082973599433899,45,9,13,65,5109
329,21488,26.33500000000005,0.48966,1.1629730463027954,40,4,12,55,5123
330,21539,-5.018000000000001,0.48844875,0.7190572619438171,40,6,5,47,5135
331,21591,-179.92300000000003,0.48721375,0.7408322691917419,40,4,8,49,5148
332,21647,56.08499999999995,0.48588375000000006,0.9240269660949707,42,5,9,54,5162
333,21701,-180.293,0.48460125,1.066490650177002,37,5,12,52,5176
334,21762,-47.167,0.4831525,1.3790720701217651,47,5,9,57,5191
335,21820,-27.27300000000001,0.48177500000000006,0.8095383048057556,41,6,11,54,5206
336,21898,-367.789,0.47992250000000003,0.9011185169219971,52,9,17,72,5225
337,21946,-123.69499999999991,0.4787825,1.1059651374816895,37,5,6,46,5237
338,22011,-5.237000000000023,0.47723875000000004,1.7622307538986206,49,7,9,64,5253
339,22073,-294.73199999999997,0.47576625000000006,1.3089957237243652,41,5,16,58,5269
340,22118,-209.72000000000003,0.4746975,1.4141582250595093,37,5,3,43,5280
341,22171,-270.42299999999994,0.47343875,0.7430784106254578,40,4,9,51,5293
342,22205,-228.244,0.47263125000000006,0.9080410003662109,30,2,2,33,5302
343,22272,132.3229999999999,0.47104,1.116448163986206,54,7,6,63,5319
344,22316,-131.34600000000006,0.46999500000000005,1.094368577003479,35,5,4,41,5330
345,22369,-48.88400000000003,0.4687362500000001,1.2636141777038574,41,4,8,51,5343
346,22409,-288.485,0.46778625000000007,1.0155112743377686,33,3,4,39,5353
347,22457,-214.44700000000003,0.46664625000000004,1.3373019695281982,37,7,4,45,5365
348,22522,-204.76000000000005,0.4651025,1.2231777906417847,44,5,16,62,5381
349,22568,-254.20499999999998,0.46401000000000003,0.9001602530479431,35,2,9,44,5393
350,22607,-18.290000000000035,0.46308375,1.083472490310669,34,2,3,38,5402
351,22665,-255.12500000000003,0.46170625,0.7727498412132263,35,3,20,56,5417
352,22722,-134.45300000000015,0.46035249999999994,1.2504292726516724,35,7,15,54,5431
353,22795,-797.4759999999999,0.45861874999999996,1.4930167198181152,44,7,22,67,5449
354,22860,62.08499999999992,0.457075,1.1079236268997192,52,8,5,60,5466
355,22927,-365.1600000000001,0.4554837500000001,1.0772621631622314,45,7,15,64,5482
356,22976,-123.191,0.45432000000000006,1.5560914278030396,33,4,12,49,5495
357,23047,-226.88699999999983,0.45263375000000006,1.3486214876174927,46,10,15,65,5512
358,23096,-405.97799999999995,0.45147000000000004,1.2729378938674927,37,7,5,45,5525
359,23164,-317.08699999999993,0.4498550000000001,1.592889666557312,41,3,24,66,5542
360,23210,-83.91299999999998,0.44876249999999995,1.5101311206817627,38,3,5,45,5553
361,23269,-481.15700000000004,0.44736124999999993,1.708727240562439,43,4,12,56,5568
362,23337,-652.648,0.44574625,1.8194875717163086,43,7,18,64,5585
363,23391,-94.02900000000008,0.44446374999999994,1.3678383827209473,40,3,11,52,5598
364,23429,-139.71500000000012,0.44356125,0.6866099834442139,32,2,4,37,5608
365,23474,-326.105,0.44249250000000007,0.9845755696296692,37,4,4,42,5619
366,23565,-598.4640000000002,0.44033125000000006,0.8152580261230469,52,6,33,86,5642
367,23626,-716.75,0.43888250000000006,0.9990981817245483,39,7,15,57,5657
368,23683,-176.71000000000006,0.43752875,1.0005509853363037,41,5,11,54,5671
369,23760,-146.04999999999995,0.4357000000000001,0.981030285358429,49,7,21,74,5691
370,23824,-559.7330000000001,0.43418,0.9577778577804565,40,6,18,61,5707
371,23867,-93.72999999999998,0.43315875000000004,1.0264359712600708,34,7,2,41,5717
372,23936,-417.682,0.43152,1.1162573099136353,48,9,12,62,5735
373,24004,-350.83100000000013,0.4299050000000001,1.9134738445281982,45,9,14,65,5752
374,24077,2.7620000000001355,0.42817125,1.4276485443115234,46,7,20,69,5770
375,24153,-116.45700000000002,0.42636625000000006,0.7744773626327515,45,9,22,72,5789
376,24192,-559.0229999999999,0.42544000000000004,0.5597288012504578,33,2,4,38,5799
377,24242,-124.301,0.42425250000000003,0.9931247234344482,39,5,6,47,5811
378,24310,35.76299999999992,0.4226375,1.4760016202926636,45,6,17,64,5828
379,24356,-219.87399999999997,0.42154500000000006,0.826285719871521,37,2,7,45,5840
380,24425,-205.365,0.41990625000000004,0.8175704479217529,46,9,14,64,5857
381,24468,-48.322000000000116,0.41888499999999995,1.596153974533081,35,3,5,42,5868
382,24523,-159.574,0.41757875,0.7726712822914124,38,6,11,54,5881
383,24570,-75.46100000000004,0.41646250000000007,0.4425179958343506,38,6,3,44,5893
384,24607,-3.0160000000000764,0.41558375000000003,0.7891256809234619,35,0,2,37,5902
385,24677,-449.376,0.41392125000000013,1.1947803497314453,47,8,15,64,5920
386,24726,-0.655000000000058,0.4127575,1.422273874282837,40,4,5,47,5932
387,24773,-229.524,0.41164124999999996,0.6320710778236389,34,3,10,45,5944
388,24832,-464.32199999999995,0.41024000000000005,1.6764044761657715,45,6,8,54,5959
389,24875,-48.11099999999999,0.4092187500000001,0.9068843126296997,33,3,7,43,5969
390,24968,-780.507,0.4070100000000001,0.9199544191360474,59,10,24,83,5993
391,25031,-367.75100000000015,0.40551375,1.2627547979354858,37,5,21,61,6008
392,25085,-176.23100000000002,0.40423125000000004,1.4172061681747437,39,6,9,50,6022
393,25145,-115.18900000000006,0.40280625000000003,1.1952922344207764,40,4,16,57,6037
394,25200,-140.47100000000003,0.4015000000000001,0.9408937692642212,43,7,5,51,6051
395,25269,-446.83500000000004,0.39986125000000006,1.2399203777313232,44,9,16,63,6068
396,25323,18.85600000000005,0.39857875,0.7432345151901245,43,6,5,53,6081
397,25392,-772.607,0.39693999999999996,1.0992943048477173,40,7,22,65,6099
398,25460,-70.46500000000012,0.39532500000000004,1.208567500114441,37,7,24,68,6116
399,25508,-198.74499999999995,0.394185,0.9943740367889404,37,3,8,47,6128
400,25585,-1136.0739999999998,0.3923562500000001,0.6904338598251343,47,9,21,72,6147
401,25651,-676.8530000000003,0.39078875,0.9388301372528076,40,6,20,64,6163
402,25699,-199.37400000000005,0.38964875,1.1717000007629395,38,4,6,47,6175
403,25750,-108.81099999999998,0.3884375,1.0682899951934814,36,3,12,50,6188
404,25809,-253.974,0.38703624999999997,0.7514011859893799,41,5,13,57,6203
405,25877,-106.17599999999992,0.38542125000000005,1.2771133184432983,43,5,20,67,6220
406,25942,-207.10900000000004,0.3838775000000001,1.1169871091842651,43,8,14,60,6236
407,25997,-64.18199999999996,0.38257125000000003,0.9439294338226318,44,2,9,54,6250
408,26044,-80.07099999999994,0.381455,1.172797441482544,36,4,7,44,6262
409,26127,-338.938,0.3794837500000001,0.8858797550201416,45,8,30,78,6282
410,26208,-342.4370000000001,0.37756,0.9413378834724426,46,8,27,76,6303
411,26269,-259.1929999999999,0.37611125,1.3595950603485107,35,4,22,59,6318
412,26361,-577.5440000000003,0.37392625,0.6618136763572693,42,4,46,90,6341
413,26403,-98.24200000000002,0.37292875000000003,1.7994340658187866,31,2,9,42,6351
414,26456,-370.12700000000007,0.37167000000000006,1.1036280393600464,40,5,8,52,6365
415,26531,-720.7810000000002,0.3698887500000001,1.0765739679336548,39,5,31,72,6383
416,26584,-228.64499999999998,0.36863,1.2977334260940552,37,4,12,52,6397
417,26655,-430.654,0.36694375,1.1933833360671997,39,5,27,67,6414
418,26758,-817.1259999999996,0.36449750000000003,1.0924673080444336,55,9,39,98,6440
419,26828,-1277.6359999999997,0.362835,1.3865859508514404,48,7,15,67,6458
420,26874,-279.24300000000005,0.3617425000000001,1.0534000396728516,35,4,7,44,6469
421,26933,-369.2770000000002,0.36034125000000006,1.7556143999099731,40,3,16,58,6484
422,27001,-196.51000000000005,0.35872625,1.0416183471679688,38,3,27,65,6501
423,27061,-230.76500000000001,0.35730125,0.8315732479095459,38,4,18,58,6516
424,27112,-186.36500000000007,0.35609,0.9603317379951477,42,3,6,48,6529
425,27146,-93.03300000000004,0.35528250000000006,1.6685751676559448,31,0,3,34,6537
426,27221,-272.12800000000004,0.35350125,0.9483934044837952,42,3,30,74,6556
427,27283,-95.19899999999998,0.35202875,1.084945559501648,44,7,11,61,6571
428,27335,-130.1920000000001,0.3507937500000001,1.6439483165740967,37,3,12,50,6584
429,27380,-18.44400000000006,0.34972500000000006,2.1918094158172607,35,3,7,44,6596
430,27499,-721.9929999999995,0.34689875000000003,0.6366065740585327,51,9,59,114,6625
431,27575,-758.057,0.3450937500000001,0.8165720701217651,47,7,22,72,6644
432,27650,-377.63,0.3433125,1.1519415378570557,46,7,22,72,6663
433,27698,-99.47699999999999,0.3421725,0.945374071598053,37,5,6,45,6675
434,27753,-321.8229999999999,0.34086625000000004,0.6651066541671753,42,4,9,53,6689
435,27813,-136.399,0.33944125,1.116969347000122,42,3,15,59,6704
436,27875,-174.6709999999999,0.33796875000000004,1.7231991291046143,40,2,20,60,6719
437,27923,-333.75300000000004,0.33682875,0.810197114944458,34,3,11,48,6731
438,27969,-183.75600000000006,0.33573625000000007,1.5754456520080566,38,1,7,45,6743
439,28028,-50.063,0.33433500000000005,1.2709119319915771,43,6,10,56,6758
440,28099,-244.89599999999996,0.33264875000000005,1.1075383424758911,42,3,26,69,6775
441,28177,-477.1380000000002,0.33079625,1.1709946393966675,44,7,27,72,6795
442,28268,-957.975,0.328635,1.4433504343032837,51,9,31,86,6818
443,28329,-184.87,0.32718625,0.9685875773429871,38,7,16,57,6833
444,28404,-125.36100000000005,0.32540500000000006,1.4907335042953491,45,7,23,71,6852
445,28450,-38.937000000000026,0.3243125,1.0183452367782593,35,4,7,45,6863
446,28521,-226.815,0.32262625,1.897406816482544,47,7,17,67,6881
447,28600,-699.1880000000001,0.3207500000000001,1.2875787019729614,45,7,27,76,6901
448,28652,-318.914,0.319515,1.0608736276626587,35,2,15,51,6914
449,28698,-168.771,0.31842250000000005,1.184117317199707,34,1,11,45,6925
450,28735,-63.07900000000009,0.31754375,1.1560555696487427,32,1,4,37,6934
451,28781,-115.244,0.3164512500000001,1.0922266244888306,40,1,5,45,6946
452,28861,-439.7750000000001,0.31455125000000006,1.2231565713882446,43,5,32,76,6966
453,28925,-159.989,0.31303125,2.4124083518981934,40,4,20,61,6982
454,28975,-191.18399999999997,0.3118437500000001,0.8612854480743408,39,4,7,48,6994
455,29047,-268.51200000000006,0.31013375,1.2871878147125244,41,7,24,67,7012
456,29115,-354.5899999999999,0.30851874999999995,1.1897282600402832,36,2,30,67,7029
457,29161,-3.103999999999928,0.30742625,1.1839269399642944,36,1,9,46,7041
458,29219,-174.21800000000002,0.3060487500000001,1.0472183227539062,37,1,20,57,7055
459,29296,-415.66400000000004,0.30421999999999993,0.6561587452888489,39,8,30,74,7075
460,29368,-514.3440000000003,0.30251000000000006,1.2045187950134277,39,3,30,70,7093
461,29459,-581.8460000000002,0.30034875000000005,0.9530601501464844,44,3,44,89,7115
462,29515,-63.41399999999991,0.2990187500000001,1.493823528289795,35,2,19,56,7129
463,29567,-383.76899999999995,0.29778375,1.395813226699829,31,1,20,51,7142
464,29611,-205.32300000000006,0.29673875000000005,0.8517107963562012,33,5,6,44,7153
465,29662,-405.9289999999999,0.29552749999999994,1.3234879970550537,34,2,15,49,7166
466,29708,-199.39299999999997,0.294435,1.0422004461288452,38,3,5,46,7178
467,29812,-35.39199999999991,0.29196500000000003,1.5930451154708862,48,10,46,102,7204
468,29860,-330.73799999999994,0.290825,1.6226203441619873,39,3,6,46,7216
469,29894,-63.02100000000007,0.29001750000000004,1.2316961288452148,32,2,0,34,7224
470,29947,-265.987,0.28875875000000006,1.4645193815231323,36,1,16,52,7237
471,29997,-204.55599999999998,0.28757125000000006,1.243405818939209,36,1,13,49,7250
472,30048,-620.9750000000001,0.28636000000000006,1.3561245203018188,40,2,9,50,7263
473,30115,-431.12000000000023,0.2847687500000001,1.3585841655731201,37,4,26,65,7279
474,30171,-279.8830000000001,0.28343874999999996,1.5127677917480469,39,3,14,53,7293
475,30268,-557.618,0.281135,1.907636284828186,46,7,44,93,7318
476,30331,-257.025,0.27963875000000005,1.1045464277267456,41,5,17,60,7333
477,30370,-123.10400000000004,0.27871250000000003,1.1038650274276733,29,2,8,39,7343
478,30476,-865.6860000000005,0.27619499999999997,1.5876247882843018,42,6,58,102,7370
479,30549,-416.33500000000015,0.2744612500000001,1.1263427734375,43,6,24,68,7388
480,30625,-357.25300000000016,0.27265625000000004,1.3933898210525513,40,4,32,75,7407
481,30698,-310.6160000000001,0.27092250000000007,1.8612606525421143,40,5,28,71,7425
482,30733,-33.04700000000015,0.27009125,1.005301833152771,33,0,2,35,7434
483,30874,-716.9780000000004,0.2667425,1.0912656784057617,52,4,85,139,7469
484,30922,11.632999999999832,0.2656025000000001,1.5820281505584717,36,1,11,48,7481
485,31010,-1128.3599999999992,0.26351250000000004,0.7573458552360535,40,6,42,85,7503
486,31078,-378.98699999999985,0.2618975,2.1679067611694336,36,3,29,67,7520
487,31162,-275.23299999999995,0.25990250000000004,0.9366627335548401,41,5,38,82,7541
488,31243,-352.41499999999996,0.25797875000000003,1.0674124956130981,39,6,36,76,7561
489,31338,-291.347,0.2557225000000001,1.4707227945327759,49,8,38,89,7585
490,31407,-150.60899999999998,0.25408375000000005,1.5998024940490723,44,7,18,67,7602
491,31459,-153.64599999999996,0.25284874999999996,1.3158643245697021,35,1,16,52,7615
492,31514,-339.697,0.2515425,1.5993335247039795,39,1,15,54,7629
493,31590,-64.87900000000008,0.24973750000000006,1.5440890789031982,42,5,29,72,7648
494,31642,-79.13800000000003,0.24850249999999996,1.2101056575775146,36,3,13,51,7661
495,31723,-377.4179999999998,0.24657875000000007,1.5180391073226929,40,6,35,80,7681
496,31781,-154.08499999999995,0.24520125000000004,0.8141948580741882,41,2,15,57,7696
497,31828,-241.08,0.2440850000000001,0.919396698474884,35,1,11,46,7708
498,31901,-128.09799999999996,0.24235125000000002,0.9987515807151794,42,6,25,71,7726
499,31951,-108.41299999999998,0.24116375,1.3310976028442383,33,1,16,49,7738
500,32060,-837.2659999999996,0.2385750000000001,1.1842377185821533,43,3,63,106,7766
501,32132,-305.13199999999995,0.236865,1.4411280155181885,46,3,23,70,7784
502,32200,-294.759,0.23524999999999996,1.6037745475769043,44,5,19,65,7801
503,32266,-519.7480000000002,0.23368250000000002,1.013756275177002,45,3,18,64,7817
504,32312,-239.125,0.23259000000000007,1.668164849281311,34,2,10,46,7829
505,32357,-3.3449999999998994,0.23152125,1.430681824684143,38,3,4,44,7840
506,32431,-169.12000000000006,0.22976375000000004,1.3863011598587036,39,3,32,73,7858
507,32508,-671.0030000000004,0.2279350000000001,1.450433373451233,31,3,43,76,7878
508,32613,-536.9890000000004,0.22544125000000004,1.1590009927749634,47,9,49,101,7904
509,32719,-144.1760000000002,0.22292374999999998,1.0497803688049316,43,5,58,105,7930
510,32784,-424.312,0.22138000000000002,1.5394539833068848,37,3,25,65,7947
511,32850,-322.0450000000001,0.21981249999999997,1.5784926414489746,39,2,25,64,7963
512,32907,-78.24100000000018,0.21845875000000003,1.6774258613586426,35,2,20,57,7977
513,32960,-450.60700000000014,0.21720000000000006,0.8780709505081177,33,2,18,52,7991
514,33005,-108.4260000000001,0.21613125,1.5014756917953491,37,2,6,44,8002
515,33071,-274.22900000000004,0.21456375000000005,1.1157817840576172,37,4,25,65,8018
516,33134,-174.69000000000003,0.21306749999999997,1.0742319822311401,38,2,23,62,8034
517,33185,-250.47799999999998,0.21185625000000008,1.8463644981384277,35,2,14,51,8047
518,33256,-344.634,0.21016999999999997,1.1659739017486572,38,5,28,69,8065
519,33317,-94.19099999999999,0.20872124999999997,1.5937116146087646,40,4,17,60,8080
520,33375,-63.55000000000008,0.20734375000000005,0.9878344535827637,36,2,20,57,8094
521,33445,-570.263,0.20568125000000004,1.1540323495864868,36,1,33,69,8112
522,33495,-309.058,0.20449375000000003,0.8623713254928589,44,3,3,48,8124
523,33589,-174.0309999999999,0.20226124999999995,1.4072190523147583,35,2,57,94,8148
524,33640,-18.436999999999827,0.20105000000000006,0.9749919176101685,36,1,14,50,8161
525,33773,-410.1140000000007,0.19789125000000007,1.2066199779510498,43,3,87,131,8194
526,33821,-108.62199999999999,0.19675125000000004,0.8300819993019104,38,1,9,47,8206
527,33942,-512.6529999999999,0.19387750000000004,1.7689464092254639,44,6,71,119,8236
528,34025,-355.102,0.19190625000000006,1.2462124824523926,43,6,34,80,8257
529,34101,-481.8330000000001,0.1901012500000001,1.4449973106384277,37,5,34,73,8276
530,34146,-108.17100000000006,0.18903250000000005,0.9790868759155273,33,2,10,45,8287
531,34224,-484.62300000000016,0.18718,0.7628676891326904,36,3,39,77,8307
532,34366,-691.2620000000003,0.1838075,1.3161730766296387,49,10,83,135,8342
533,34435,-332.44399999999996,0.1821687500000001,1.6324777603149414,48,3,18,66,8359
534,34472,-48.053,0.18129000000000006,0.8669745326042175,32,1,4,37,8369
535,34549,-235.185,0.17946125000000002,1.269191861152649,42,7,28,75,8388
536,34665,-465.552,0.17670625000000006,1.2966878414154053,60,14,42,103,8417
537,34799,-736.8680000000005,0.17352374999999998,1.0897804498672485,56,6,72,128,8450
538,34904,-306.4139999999999,0.17103000000000002,1.4223538637161255,47,8,50,98,8477
539,35001,-424.34799999999996,0.16872624999999997,1.273408055305481,39,3,55,95,8501
540,35092,-424.2240000000002,0.16656500000000007,1.0527799129486084,40,7,44,86,8524
541,35189,-400.698,0.16426125000000003,1.163196086883545,38,6,53,92,8548
542,35253,-325.24100000000016,0.16274125000000006,1.8549498319625854,40,4,20,62,8564
543,35340,-610.8570000000004,0.16067500000000012,1.0148924589157104,42,2,43,85,8586
544,35405,-399.9430000000001,0.15913124999999995,1.0912271738052368,39,2,24,64,8602
545,35486,-80.8139999999999,0.15720750000000006,0.9479353427886963,40,5,36,79,8622
546,35626,-642.6470000000005,0.15388250000000003,1.620584487915039,45,6,89,137,8657
547,35693,26.2920000000002,0.15229125,1.514560341835022,39,2,26,66,8674
548,35834,-919.636,0.14894249999999998,1.5585832595825195,42,5,94,138,8709
549,35904,-669.4440000000001,0.14728000000000008,1.5043034553527832,45,5,20,68,8727
550,36007,-619.7420000000001,0.1448337500000001,1.2786144018173218,40,2,61,102,8752
551,36086,-415.61700000000013,0.14295750000000007,1.2402825355529785,44,7,28,73,8772
552,36235,-460.1470000000004,0.13941875000000004,1.1735178232192993,53,9,87,142,8809
553,36324,-490.18399999999986,0.137305,1.5693684816360474,37,4,48,86,8832
554,36387,-63.29899999999999,0.13580875000000003,1.0357739925384521,34,1,28,63,8847
555,36562,-449.47200000000004,0.13165250000000006,0.9112544059753418,50,6,119,171,8891
556,36668,-334.7539999999998,0.1291350000000001,1.0681750774383545,40,4,62,104,8918
557,36807,-847.5029999999998,0.12583375000000008,1.0850303173065186,47,6,86,136,8952
558,36948,-563.0089999999998,0.12248500000000007,1.3601340055465698,44,6,91,136,8988
559,37049,-547.6310000000001,0.12008625000000006,1.6257221698760986,52,15,34,90,9013
560,37206,-507.32099999999997,0.1163575,1.401757001876831,51,19,87,146,9052
561,37342,-450.28300000000013,0.11312750000000005,1.0757079124450684,59,17,60,122,9086
562,37513,-1079.384999999999,0.10906625000000003,1.3821165561676025,53,7,111,166,9129
563,37658,-338.866,0.10562250000000006,0.8632655739784241,43,4,98,141,9165
564,37898,-911.676999999999,0.09992250000000003,0.6840160489082336,55,9,176,235,9225
565,38024,-685.3139999999999,0.09693000000000007,1.7242070436477661,34,11,81,117,9257
566,38213,-986.8439999999994,0.09244125000000003,1.3212504386901855,55,16,118,176,9304
567,38407,-1074.1849999999988,0.08783375000000004,0.9162512421607971,39,13,142,191,9352
568,38590,-809.642,0.08348750000000005,1.3713070154190063,50,6,127,180,9398
569,38841,-474.7409999999993,0.07752625000000002,0.9501957893371582,60,32,159,231,9461
570,39060,-861.3969999999997,0.07232499999999997,1.3670446872711182,62,31,126,190,9516
571,39401,-1820.4089999999953,0.06422625000000004,1.1946251392364502,50,32,259,317,9601
572,39643,-959.3709999999994,0.058478750000000024,1.7656044960021973,63,22,157,226,9661
573,39863,-989.2309999999989,0.0532537500000001,1.3836679458618164,50,21,149,206,9716
574,40183,-883.0949999999981,0.050000000000000044,1.359620451927185,67,25,228,303,9796
575,40542,-1010.3639999999959,0.050000000000000044,1.2125515937805176,72,47,240,325,9886
576,40743,-704.9970000000001,0.050000000000000044,0.9268358945846558,42,8,151,193,9936
577,41029,-600.6180000000004,0.050000000000000044,1.6424626111984253,50,14,222,281,10008
578,41234,-490.0500000000003,0.050000000000000044,1.3505817651748657,43,36,126,183,10059
579,41472,-1278.6859999999979,0.050000000000000044,1.2923716306686401,54,11,173,229,10119
580,41561,-294.592,0.050000000000000044,0.7940574884414673,43,10,36,79,10141
581,41740,-545.199,0.050000000000000044,1.0296530723571777,35,3,141,178,10186
582,41952,-950.1010000000006,0.050000000000000044,1.043157696723938,58,11,143,202,10239
583,42309,-590.0800000000004,0.050000000000000044,1.3039090633392334,71,32,254,334,10328
584,42558,-1173.7079999999978,0.050000000000000044,0.9796305298805237,70,25,154,229,10390
585,42703,-709.0319999999989,0.050000000000000044,1.1383715867996216,74,18,53,130,10426
586,42958,-731.897,0.050000000000000044,0.9362600445747375,63,26,166,232,10490
587,43143,-591.6300000000006,0.050000000000000044,1.8136266469955444,55,17,113,173,10536
588,43286,-592.6900000000004,0.050000000000000044,1.4790914058685303,54,24,65,126,10572
589,43642,-1169.6039999999998,0.050000000000000044,1.5251202583312988,65,25,266,339,10661
590,43853,-953.3339999999982,0.050000000000000044,0.9290631413459778,79,29,103,185,10714
591,44123,-1055.9839999999976,0.050000000000000044,1.4844799041748047,48,19,203,255,10781
592,44323,-325.5639999999997,0.050000000000000044,0.6207906007766724,63,56,81,150,10831
593,44636,-652.5679999999991,0.050000000000000044,1.4615987539291382,72,54,187,264,10910
594,44940,-1068.3579999999988,0.050000000000000044,1.0137370824813843,57,27,220,291,10986
595,45155,-202.22599999999994,0.050000000000000044,1.1814405918121338,117,66,32,160,11039
596,45432,-847.3529999999984,0.050000000000000044,0.7476480007171631,75,41,161,240,11109
597,45718,-704.3300000000003,0.050000000000000044,1.3615400791168213,70,58,158,230,11180
598,46079,-915.8599999999967,0.050000000000000044,1.224562406539917,69,38,254,331,11270
599,46361,-165.6179999999995,0.050000000000000044,0.6310455203056335,95,74,113,222,11341
600,46523,-550.4200000000004,0.050000000000000044,1.5007658004760742,56,31,75,137,11381
601,46772,-808.5880000000008,0.050000000000000044,1.525721549987793,76,34,139,217,11444
602,47022,-815.1379999999992,0.050000000000000044,1.4091696739196777,59,32,159,220,11506
603,47302,-187.2260000000023,0.050000000000000044,1.0291637182235718,83,72,125,216,11576
604,47664,-693.9089999999987,0.050000000000000044,1.3328253030776978,65,43,254,324,11667
605,47975,-805.5559999999986,0.050000000000000044,1.0678153038024902,91,57,163,261,11744
606,48290,-392.35599999999977,0.050000000000000044,1.3177410364151,77,146,92,192,11823
607,48456,-635.0109999999995,0.050000000000000044,1.25762140750885,77,51,38,117,11865
608,48642,-794.6789999999996,0.050000000000000044,1.0323716402053833,52,16,118,171,11911
609,48866,-205.7850000000001,0.050000000000000044,1.4754741191864014,87,96,41,135,11967
610,49082,97.79299999999998,0.050000000000000044,1.092475175857544,96,72,48,153,12021
611,49427,-964.8599999999973,0.050000000000000044,1.1052240133285522,76,55,214,304,12107
612,49737,10.193999999999829,0.050000000000000044,1.0425633192062378,98,121,91,218,12185
613,50062,-564.1809999999996,0.050000000000000044,1.1364929676055908,99,109,117,242,12266
614,50461,-69.47299999999973,0.050000000000000044,1.033347487449646,92,147,160,278,12366
615,50830,-849.6099999999999,0.050000000000000044,0.8444368243217468,79,83,207,305,12458
616,51071,-744.4369999999991,0.050000000000000044,0.5422570705413818,78,64,99,193,12518
617,51311,-677.1389999999998,0.050000000000000044,0.9224421977996826,62,28,150,222,12578
618,51605,-742.550999999999,0.050000000000000044,0.982689380645752,94,88,112,227,12652
619,51950,-662.7719999999989,0.050000000000000044,1.3417576551437378,83,104,158,266,12738
620,52386,-643.5470000000012,0.050000000000000044,0.9888890981674194,88,112,236,351,12847
621,52681,-1009.1959999999963,0.050000000000000044,1.7126343250274658,86,26,183,272,12921
622,52962,-609.4210000000005,0.050000000000000044,1.4754056930541992,82,76,123,217,12991
623,53301,-781.1799999999986,0.050000000000000044,0.844671368598938,78,75,186,286,13076
624,53632,-158.78799999999987,0.050000000000000044,0.8650065660476685,80,137,114,220,13159
625,53998,143.30699999999993,0.050000000000000044,1.1309407949447632,97,126,143,248,13250
626,54320,-419.28700000000066,0.050000000000000044,0.7212478518486023,81,84,157,265,13331
627,54602,-78.55399999999973,0.050000000000000044,1.357027530670166,86,115,81,189,13401
628,54967,271.6200000000011,0.050000000000000044,0.8912375569343567,97,146,122,248,13492
629,55213,472.9590000000002,0.050000000000000044,0.9457876682281494,96,100,50,148,13554
630,55567,-1023.9849999999972,0.050000000000000044,1.0638759136199951,74,51,229,319,13642
631,56027,-908.4849999999984,0.050000000000000044,1.076723337173462,81,120,259,393,13757
632,56331,161.085,0.050000000000000044,1.3016908168792725,90,100,114,229,13833
633,56621,249.97500000000002,0.050000000000000044,1.3627187013626099,92,112,86,194,13906
634,56950,-360.53199999999975,0.050000000000000044,1.1406278610229492,93,102,134,256,13988
635,57224,-589.019,0.050000000000000044,0.8950716257095337,78,107,89,183,14057
636,57459,-801.6209999999991,0.050000000000000044,0.8736706972122192,86,78,71,165,14115
637,57837,-788.418999999999,0.050000000000000044,1.0926892757415771,80,106,192,307,14210
638,58189,-362.87799999999976,0.050000000000000044,1.3743230104446411,78,108,166,265,14298
639,58490,-715.3069999999992,0.050000000000000044,1.670852541923523,64,40,197,270,14373
640,58904,-384.9169999999998,0.050000000000000044,0.9130644202232361,93,117,204,333,14477
641,59207,-303.26600000000036,0.050000000000000044,1.2573015689849854,106,105,92,211,14552
642,59617,-98.27099999999982,0.050000000000000044,1.2006646394729614,84,159,167,304,14655
643,59891,306.6680000000004,0.050000000000000044,0.9925899505615234,91,101,82,198,14723
644,60000,575.4069999999997,0.050000000000000044,0.814459502696991,54,37,18,82,14751
